{
  "hash": "588d621f",
  "configHash": "06655ddf",
  "lockfileHash": "0f6c2676",
  "browserHash": "1743fbd0",
  "optimized": {
    "@angular/core": {
      "src": "../../../../../../node_modules/@angular/core/fesm2022/core.mjs",
      "file": "@angular_core.js",
      "fileHash": "d5a93f3c",
      "needsInterop": false
    },
    "@angular/platform-browser": {
      "src": "../../../../../../node_modules/@angular/platform-browser/fesm2022/platform-browser.mjs",
      "file": "@angular_platform-browser.js",
      "fileHash": "2592158e",
      "needsInterop": false
    },
    "@angular/router": {
      "src": "../../../../../../node_modules/@angular/router/fesm2022/router.mjs",
      "file": "@angular_router.js",
      "fileHash": "55b7103c",
      "needsInterop": false
    }
  },
  "chunks": {
    "chunk-5BRWUF3M": {
      "file": "chunk-5BRWUF3M.js"
    },
    "chunk-YJFJI4Y6": {
      "file": "chunk-YJFJI4Y6.js"
    }
  }
}